{"cameraMode":{"drawMode":0,"name":"Shaded","section":"Shading Mode"},"sceneLighting":false,"audioPlay":false,"sceneViewState":{"showFog":true,"showMaterialUpdate":false,"showSkybox":false,"showFlares":true,"showImageEffects":true,"showParticleSystems":true},"in2DMode":false,"pivot":{"x":5.960464477539063e-8,"y":4.449999809265137,"z":0.3249998688697815},"rotation":{"x":-0.14075766503810883,"y":-0.8358848690986633,"z":0.2519984245300293,"w":-0.4668945074081421},"size":6.965756893157959,"orthographic":false}