{"cameraMode":{"drawMode":0,"name":"Shaded","section":"Shading Mode"},"sceneLighting":true,"audioPlay":false,"sceneViewState":{"showFog":true,"showMaterialUpdate":false,"showSkybox":true,"showFlares":true,"showImageEffects":true,"showParticleSystems":true},"in2DMode":false,"pivot":{"x":-33.18454360961914,"y":-35.01533126831055,"z":-27.072614669799806},"rotation":{"x":-0.27372270822525027,"y":-0.5898011326789856,"z":0.2222113013267517,"w":-0.7265236973762512},"size":96.19648742675781,"orthographic":false}