{"cameraMode":{"drawMode":0,"name":"Shaded","section":"Shading Mode"},"sceneLighting":true,"audioPlay":false,"sceneViewState":{"showFog":true,"showMaterialUpdate":false,"showSkybox":true,"showFlares":true,"showImageEffects":true,"showParticleSystems":true},"in2DMode":false,"pivot":{"x":-72.97193908691406,"y":-32.92890930175781,"z":-71.57128143310547},"rotation":{"x":-0.11321064829826355,"y":-0.8865551948547363,"z":0.3279544413089752,"w":-0.30604034662246706},"size":74.3411865234375,"orthographic":false}