{"cameraMode":{"drawMode":0,"name":"Shaded","section":"Shading Mode"},"sceneLighting":true,"audioPlay":false,"sceneViewState":{"showFog":true,"showMaterialUpdate":false,"showSkybox":true,"showFlares":true,"showImageEffects":true,"showParticleSystems":true},"in2DMode":false,"pivot":{"x":-33.036216735839847,"y":-5.944032669067383,"z":25.03476333618164},"rotation":{"x":-0.1342727094888687,"y":0.525802731513977,"z":-0.08448144048452378,"w":-0.8356990218162537},"size":83.4727783203125,"orthographic":false}