{"cameraMode":{"drawMode":0,"name":"Shaded","section":"Shading Mode"},"sceneLighting":true,"audioPlay":false,"sceneViewState":{"showFog":true,"showMaterialUpdate":false,"showSkybox":true,"showFlares":true,"showImageEffects":true,"showParticleSystems":true},"in2DMode":false,"pivot":{"x":-72.97193908691406,"y":-32.92890930175781,"z":-71.57128143310547},"rotation":{"x":-0.15753719210624696,"y":-0.8396136164665222,"z":0.3278880715370178,"w":-0.40340083837509158},"size":96.22462463378906,"orthographic":false}