{"cameraMode":{"drawMode":0,"name":"Shaded","section":"Shading Mode"},"sceneLighting":true,"audioPlay":false,"sceneViewState":{"showFog":true,"showMaterialUpdate":false,"showSkybox":true,"showFlares":true,"showImageEffects":true,"showParticleSystems":true},"in2DMode":false,"pivot":{"x":782.7294311523438,"y":443.9313049316406,"z":-14.5845947265625},"rotation":{"x":-0.01530319731682539,"y":0.027590490877628328,"z":-0.0004224347067065537,"w":-0.9995021820068359},"size":923.017333984375,"orthographic":false}