{"cameraMode":{"drawMode":0,"name":"Shaded","section":"Shading Mode"},"sceneLighting":true,"audioPlay":false,"sceneViewState":{"showFog":true,"showMaterialUpdate":false,"showSkybox":true,"showFlares":true,"showImageEffects":true,"showParticleSystems":true},"in2DMode":false,"pivot":{"x":13.395927429199219,"y":16.08245277404785,"z":7.405101776123047},"rotation":{"x":0.17682957649230958,"y":0.23230111598968507,"z":-0.04299096390604973,"w":0.9554701447486877},"size":38.143165588378909,"orthographic":false}