{"cameraMode":{"drawMode":0,"name":"Shaded","section":"Shading Mode"},"sceneLighting":false,"audioPlay":false,"sceneViewState":{"showFog":true,"showMaterialUpdate":false,"showSkybox":false,"showFlares":true,"showImageEffects":true,"showParticleSystems":true},"in2DMode":false,"pivot":{"x":-4.559999942779541,"y":-0.11000001430511475,"z":-11.239999771118164},"rotation":{"x":0.17682957649230958,"y":0.23230111598968507,"z":-0.04299096390604973,"w":0.9554701447486877},"size":2.8578836917877199,"orthographic":false}