{"cameraMode":{"drawMode":0,"name":"Shaded","section":"Shading Mode"},"sceneLighting":true,"audioPlay":false,"sceneViewState":{"showFog":true,"showMaterialUpdate":false,"showSkybox":true,"showFlares":true,"showImageEffects":true,"showParticleSystems":true},"in2DMode":false,"pivot":{"x":-12.942501068115235,"y":0.2687206268310547,"z":1.0541613101959229},"rotation":{"x":0.120463065803051,"y":-0.7127532362937927,"z":0.12638838589191438,"w":0.6793364882469177},"size":34.79052734375,"orthographic":false}