{"cameraMode":{"drawMode":0,"name":"Shaded","section":"Shading Mode"},"sceneLighting":true,"audioPlay":false,"sceneViewState":{"showFog":true,"showMaterialUpdate":false,"showSkybox":true,"showFlares":true,"showImageEffects":true,"showParticleSystems":true},"in2DMode":false,"pivot":{"x":39.477413177490237,"y":7.9968156814575199,"z":-177.32205200195313},"rotation":{"x":0.0012822331627830864,"y":-0.9942032694816589,"z":-0.011931092478334904,"w":-0.10688959062099457},"size":209.63377380371095,"orthographic":false}