{"cameraMode":{"drawMode":0,"name":"Shaded","section":"Shading Mode"},"sceneLighting":true,"audioPlay":false,"sceneViewState":{"showFog":true,"showMaterialUpdate":false,"showSkybox":true,"showFlares":true,"showImageEffects":true,"showParticleSystems":true},"in2DMode":false,"pivot":{"x":7.752577304840088,"y":8.751054763793946,"z":-57.5942497253418},"rotation":{"x":0.0017349394038319588,"y":-0.9973607063293457,"z":-0.025438357144594194,"w":-0.06802725791931153},"size":64.62579345703125,"orthographic":false}