{"cameraMode":{"drawMode":0,"name":"Shaded","section":"Shading Mode"},"sceneLighting":true,"audioPlay":false,"sceneViewState":{"showFog":true,"showMaterialUpdate":false,"showSkybox":true,"showFlares":true,"showImageEffects":true,"showParticleSystems":true},"in2DMode":false,"pivot":{"x":-17.462421417236329,"y":4.610524654388428,"z":2.338308572769165},"rotation":{"x":-0.05203676596283913,"y":0.9383339285850525,"z":-0.16233675181865693,"w":-0.3007810711860657},"size":2885.966552734375,"orthographic":false}