{"cameraMode":{"drawMode":0,"name":"Shaded","section":"Shading Mode"},"sceneLighting":true,"audioPlay":false,"sceneViewState":{"showFog":true,"showMaterialUpdate":false,"showSkybox":true,"showFlares":true,"showImageEffects":true,"showParticleSystems":true},"in2DMode":false,"pivot":{"x":3.212738037109375,"y":-11.74819564819336,"z":1.8809814453125},"rotation":{"x":0.05249745771288872,"y":0.9460442066192627,"z":-0.19750148057937623,"w":0.2514663338661194},"size":116.07557678222656,"orthographic":false}