{"cameraMode":{"drawMode":0,"name":"Shaded","section":"Shading Mode"},"sceneLighting":true,"audioPlay":false,"sceneViewState":{"showFog":true,"showMaterialUpdate":false,"showSkybox":true,"showFlares":true,"showImageEffects":true,"showParticleSystems":true},"in2DMode":false,"pivot":{"x":-69.84635162353516,"y":-4.766589164733887,"z":44.753448486328128},"rotation":{"x":0.10943011939525604,"y":-0.8786002397537231,"z":0.24264821410179139,"w":0.39678049087524416},"size":32.00369644165039,"orthographic":false}