{"cameraMode":{"drawMode":0,"name":"Shaded","section":"Shading Mode"},"sceneLighting":true,"audioPlay":false,"sceneViewState":{"showFog":true,"showMaterialUpdate":false,"showSkybox":true,"showFlares":true,"showImageEffects":true,"showParticleSystems":true},"in2DMode":false,"pivot":{"x":-12.112208366394043,"y":0.8474524021148682,"z":33.439178466796878},"rotation":{"x":-0.2577904462814331,"y":0.6388711929321289,"z":-0.2405778467655182,"w":-0.6839832663536072},"size":118.61774444580078,"orthographic":false}