{"cameraMode":{"drawMode":0,"name":"Shaded","section":"Shading Mode"},"sceneLighting":true,"audioPlay":false,"sceneViewState":{"showFog":true,"showMaterialUpdate":false,"showSkybox":true,"showFlares":true,"showImageEffects":true,"showParticleSystems":true},"in2DMode":false,"pivot":{"x":-39.5676383972168,"y":-16.22770881652832,"z":-16.43069076538086},"rotation":{"x":0.04506147652864456,"y":-0.953330397605896,"z":0.2364083081483841,"w":0.18324698507785798},"size":38.572025299072269,"orthographic":false}