{"cameraMode":{"drawMode":0,"name":"Shaded","section":"Shading Mode"},"sceneLighting":true,"audioPlay":false,"sceneViewState":{"showFog":true,"showMaterialUpdate":false,"showSkybox":true,"showFlares":true,"showImageEffects":true,"showParticleSystems":true},"in2DMode":false,"pivot":{"x":-8.915487289428711,"y":-1.8635274171829224,"z":0.44287151098251345},"rotation":{"x":-0.298153281211853,"y":0.6727855801582336,"z":-0.34386637806892397,"w":-0.5833296775817871},"size":22.52631187438965,"orthographic":false}