{"cameraMode":{"drawMode":0,"name":"Shaded","section":"Shading Mode"},"sceneLighting":true,"audioPlay":false,"sceneViewState":{"showFog":true,"showMaterialUpdate":false,"showSkybox":true,"showFlares":true,"showImageEffects":true,"showParticleSystems":true},"in2DMode":false,"pivot":{"x":-57.54408645629883,"y":3.340437889099121,"z":38.05040740966797},"rotation":{"x":-0.0010727908229455352,"y":-0.8581122159957886,"z":0.513677179813385,"w":-0.001511855167336762},"size":37.50558853149414,"orthographic":false}