{"cameraMode":{"drawMode":0,"name":"Shaded","section":"Shading Mode"},"sceneLighting":true,"audioPlay":false,"sceneViewState":{"showFog":true,"showMaterialUpdate":false,"showSkybox":true,"showFlares":true,"showImageEffects":true,"showParticleSystems":true},"in2DMode":false,"pivot":{"x":-19.166032791137697,"y":-8.3740234375,"z":9.851839065551758},"rotation":{"x":-0.020575443282723428,"y":-0.8732720613479614,"z":0.48604968190193179,"w":-0.03637314587831497},"size":17.070762634277345,"orthographic":false}