{"cameraMode":{"drawMode":0,"name":"Shaded","section":"Shading Mode"},"sceneLighting":true,"audioPlay":false,"sceneViewState":{"showFog":true,"showMaterialUpdate":false,"showSkybox":true,"showFlares":true,"showImageEffects":true,"showParticleSystems":true},"in2DMode":false,"pivot":{"x":479.1997375488281,"y":238.26358032226563,"z":-15.710464477539063},"rotation":{"x":-0.0003094886487815529,"y":-0.02490074373781681,"z":0.000007957981324580032,"w":-0.9997051358222961},"size":536.2861938476563,"orthographic":true}