{"cameraMode":{"drawMode":0,"name":"Shaded","section":"Shading Mode"},"sceneLighting":true,"audioPlay":false,"sceneViewState":{"showFog":true,"showMaterialUpdate":false,"showSkybox":true,"showFlares":true,"showImageEffects":true,"showParticleSystems":true},"in2DMode":false,"pivot":{"x":-4.444486141204834,"y":-4.379568099975586,"z":8.447898864746094},"rotation":{"x":-0.03387916833162308,"y":-0.9550938606262207,"z":0.26895591616630556,"w":-0.12009772658348084},"size":19.608928680419923,"orthographic":false}